{
  "variants": {
    "type=bottom": [
        { "model": "minecraft:block/cherry_slab" },
        { "model": "minecraft:block/cherry_slab", "y": 90 },
        { "model": "minecraft:block/cherry_slab", "y": 180 },
        { "model": "minecraft:block/cherry_slab", "y": 270 }
    ],
    "type=double": [
        { "model": "minecraft:block/cherry_dslab" },
        { "model": "minecraft:block/cherry_dslab1" },
        { "model": "minecraft:block/cherry_dslab2" }
    ],
    "type=top": [
        { "model": "minecraft:block/cherry_slab_top" },
        { "model": "minecraft:block/cherry_slab_top", "y": 90 },
        { "model": "minecraft:block/cherry_slab_top", "y": 180 },
        { "model": "minecraft:block/cherry_slab_top", "y": 270 }
    ]
  }
}
