{
  "variants": {
    "type=bottom": [
        { "model": "minecraft:block/warped_slab" },
        { "model": "minecraft:block/warped_slab", "y": 90 },
        { "model": "minecraft:block/warped_slab", "y": 180 },
        { "model": "minecraft:block/warped_slab", "y": 270 }
    ],
    "type=double": [
        { "model": "minecraft:block/warped_dslab" },
        { "model": "minecraft:block/warped_dslab1" },
        { "model": "minecraft:block/warped_dslab2" }
    ],
    "type=top": [
        { "model": "minecraft:block/warped_slab_top" },
        { "model": "minecraft:block/warped_slab_top", "y": 90 },
        { "model": "minecraft:block/warped_slab_top", "y": 180 },
        { "model": "minecraft:block/warped_slab_top", "y": 270 }
    ]
  }
}